contrast,line,ratio,SE,df,asymp.LCL,asymp.UCL,null,z.ratio,p.value
CX / CC,9,0.6733221238922268,0.09290999401642643,Inf,0.48390311815385206,0.9368872931680453,1,-2.866430700154929,0.012453871096843445
XC / CC,9,1.0339418052400822,0.14391444475869689,Inf,0.7409369451428915,1.4428159692009337,1,0.2398051125445836,0.8104813433684119
XX / CC,9,0.7588119390530197,0.10598322210687414,Inf,0.543150770849115,1.0601026266597295,1,-1.9760966190951759,0.07221575291913124
CX / CC,9C,0.6733221238922268,0.09290999401642643,Inf,0.48390311815385206,0.9368872931680453,1,-2.866430700154929,0.012453871096843445
XC / CC,9C,1.0339418052400822,0.14391444475869689,Inf,0.7409369451428915,1.4428159692009337,1,0.2398051125445836,0.8104813433684119
XX / CC,9C,0.7588119390530197,0.10598322210687414,Inf,0.543150770849115,1.0601026266597295,1,-1.9760966190951759,0.07221575291913124
