experiment,compound_name,patient_id,ic50.Base,ic50.CSE,FC,FC_l,FC_u,log10FC
Resazurin_Exp30,A1,P676,8.758403623814342,10.377989747322152,1.1849179591477277,0.9588330916138776,1.4643117578968787,0.07368828188800647
Resazurin_Exp30,A2,P676,1.3895968725715583e-4,1.4011359863889966e-4,1.0083039290352491,1.002645068961542,1.0139947273274994,0.0035914594979798353
Resazurin_Exp30,A3,P676,1.6139585591369918,1.554963896647957,0.9634472259804613,0.8036051025643773,1.1550829559038107,-0.016172069377166705
Resazurin_Exp30,A4,P676,0.04665564840773272,0.05683440027035752,1.2181676219280189,1.1492419414177946,1.2912271138338982,0.08570705206503425
Resazurin_Exp30,B1,P676,2.7916626588557616e-4,2.6739057535850503e-4,0.9578183614351968,0.8215051368574332,1.1167501849250359,-0.018716841762452963
Resazurin_Exp30,B2,P676,8.000000000000001e-6,8.000000000000001e-6,1,1,1,0
Resazurin_Exp30,B3,P676,2.172697704454356e-4,3.210408608889221e-4,1.4776140290052324,1.3597508128436138,1.6056936301049922,0.16956100580159192
Resazurin_Exp30,B4,P676,2.3298697323320756e-4,4.245347352550155e-4,1.8221393641183485,1.163954515635516,2.852509971540257,0.2605815903937972
