experiment,compound_name,patient_id,ic50.Base,ic50.CSE,FC,FC_l,FC_u,log10FC
Resazurin_Exp30,A1,P679,8.469915342937913,7.850992248787745,0.9269268854421058,0.8821040707028706,0.9740273052711202,-0.03295452098099472
Resazurin_Exp30,A2,P679,1.515361026329282e-4,1.5039660948259898e-4,0.9924803850004679,0.9822034308693226,1.0028648685729633,-0.003278067708664753
Resazurin_Exp30,A3,P679,2.6586328625911997,2.64702580604752,0.9956342010561146,0.7444950759843278,1.331489615296683,-0.0019001933462594405
Resazurin_Exp30,A4,P679,0.022204315152076333,0.03072077557431523,1.3835497903857898,0.9595284432883286,1.9949487020067023,0.14099479289562297
Resazurin_Exp30,B1,P679,1.6253402255995957e-5,3.3366127596907214e-5,2.05287035116591,0.8053209780849719,5.233039736177573,0.3123615224094687
Resazurin_Exp30,B2,P679,8.000000000000001e-6,8.000000000000001e-6,1,1,1,0
Resazurin_Exp30,B3,P679,1.759249776759445e-4,1.0105522196750837e-4,0.5744222526130033,0.4108224443358054,0.8031716106223438,-0.2407687442534967
Resazurin_Exp30,B4,P679,9.275374935896337e-4,8.515191080368373e-4,0.9180427895603444,0.6799440108374167,1.2395175926702346,-0.03713707605708548
