experiment,compound_name,patient_id,ic50.Base,ic50.CSE,FC,FC_l,FC_u,log10FC
Resazurin_Exp30,A1,ASC397,6.863512791286453,8.96635571635635,1.3063799819444575,1.2378750929194833,1.378675980304426,0.11606951695391139
Resazurin_Exp30,A2,ASC397,1.370204286452806e-4,1.4203592902392646e-4,1.0366040336337732,1.0032850685921542,1.0710295171178548,0.015612894433554283
Resazurin_Exp30,A3,ASC397,1.4421619423754157,1.9438261250809101,1.3478556519659592,0.7916202084649644,2.294932391960261,0.12964338410479553
Resazurin_Exp30,A4,ASC397,0.02718257792380782,0.030725212977993466,1.130327412805201,1.0674242848004738,1.1969374112354203,0.05320426027862577
Resazurin_Exp30,B1,ASC397,1.3641168783603693e-4,2.697431221567808e-4,1.9774194311047935,1.321692073188581,2.958470952373559,0.29609879743422557
Resazurin_Exp30,B2,ASC397,8.000000000000001e-6,8.72857864126361e-4,109.1072330157951,83.48355390375681,142.5956100298133,2.0378535421073494
Resazurin_Exp30,B3,ASC397,6.0344768280658734e-5,1.6515630738916012e-4,2.7368786407635413,1.8122979858689583,4.133152910102778,0.4372555402616958
Resazurin_Exp30,B4,ASC397,2.4034623063277406e-4,2.608959417998469e-4,1.0855004512156083,0.9115374417894305,1.2926635545284435,0.03563000831591847
