experiment,compound_name,patient_id,ic50.Base,ic50.CSE,FC,FC_l,FC_u,log10FC
Resazurin_Exp30,A1,ASC390,8.807494841845402,8.556606374197898,0.9715142078249646,0.9130264747217771,1.0337486175232553,-0.012550843715909797
Resazurin_Exp30,A2,ASC390,1.3906598964649722e-4,1.5507821558574203e-4,1.115141207278268,1.1094247307046987,1.1208871388509118,0.047329864387632176
Resazurin_Exp30,A3,ASC390,1.2354481970832605,1.7037735671095269,1.3790732554646357,1.1394637760902262,1.6690684546932317,0.1395873362259327
Resazurin_Exp30,A4,ASC390,0.041348460984639866,0.04949119110726075,1.1969294607034044,1.1068629543438295,1.2943247655704948,0.07806855664704514
Resazurin_Exp30,B1,ASC390,1.8314438720902493e-4,2.21059884444618e-4,1.2070251663913656,0.8591745769640282,1.6957086386916,0.08171632520170526
Resazurin_Exp30,B2,ASC390,6.548900236240418e-4,8.000000000000001e-6,0.012215791524398955,0.010050338565774414,0.014847814488136012,-1.9130783875901192
Resazurin_Exp30,B3,ASC390,1.5397569536309457e-4,2.44823918348608e-4,1.5900166436740657,1.0071481143408372,2.510209661480802,0.2014016703694917
Resazurin_Exp30,B4,ASC390,3.4343011387625883e-4,5.051401183451891e-4,1.4708672825563454,1.3195292248120254,1.639562445616075,0.1675734877827759
