compound_name,delta_log2,ci_l2,ci_u2
A2,-3.5911926697762495,-3.748426986077799,-3.3353301092574728
A1,2.4350959745748755,-1.069537785004351,4.531641618948425
