compound_name,delta_log2,ci_l2,ci_u2
A2,-3.2682936379869636,-3.491489986996327,-2.979509058209082
A1,-1.6732572476776026,-2.2084893898793183,2.5388199607998643
