compound_name,delta_log2,ci_l2,ci_u2
A1,-2.3271628377034363,-3.8328791334799517,14.586115204930344
A2,-0.4735912439721778,-0.643706486907997,-0.33274603438733485
