Compound,unit,n,median_ratio,CI_low,CI_high
H2O2,mM,2,0.9620818892238951,0.9603369624988828,0.9638268159489076
Rotenone,mM,2,1.3333952413604053,0.5172715123934444,2.149518970327366
