comp_base,comp_var,is_cse,Unit,n,median_ratio,CI_low,CI_high
KBrO3,Erastin,FALSE,mM,2,0.9521185729031226,0.9065322619991879,0.9977048838070574
KBrO3,Erastin,TRUE,mM,2,0.7151180534004328,0.6677643402063742,0.7624717665944913
KBrO3,NAC,FALSE,mM,2,1.3088765762730308,1.035757343876185,1.5819958086698767
KBrO3,NAC,TRUE,mM,2,1.1446379000763067,0.9663314729260749,1.3229443272265384
KBrO3,SFN,FALSE,mM,2,1.0133893001243885,0.7708517047575723,1.2559268954912048
KBrO3,SFN,TRUE,mM,2,0.8388837680082603,0.6808504975019722,0.9969170385145483
