Compound,Unit,n,median,CI_low,CI_high
H2O2,mM,4,0.5486033948140981,0.5183036728979828,0.5784198580349064
Rotenone,mM,4,0.014158074217092097,0.007856578058879212,0.022093396951025298
