n,median_ratio,CI_low,CI_high
5,0.08009318344625928,7.023564303614327e-4,0.21016253583412403
