base,Compound,Unit,sample_id,IC50_sample,SE_sample,samplecse_id,IC50_sampleCSE,SE_sampleCSE,unit,ratio,ratio_lwr,ratio_upr,p_value
asc397,KBrO3,mM,ASC397,1.0621570246531888,0.039976958564071734,ASC397cse,1.2464830995942253,0.09203481637638303,mM,1.1735393832199357,0.9975920586202309,1.3805188925351155,0.053494197170670686
asc397,KBrO3_Erastin,mM,ASC397,0.9628796101571825,0.08116852473828459,ASC397cse,0.9504081709777863,0.09258606567322072,mM,0.9870477689548744,0.7667946093109749,1.270566180785031,0.9193940024097617
asc397,KBrO3_NAC,mM,ASC397,1.1001369386342184,0.05340321791327544,ASC397cse,1.204515849608347,0.05240688335029344,mM,1.094878107723309,0.9635568882865102,1.2440968305499023,0.16437558509857925
asc397,KBrO3_SFN,mM,ASC397,0.8187655531741413,0.02528025134040692,ASC397cse,0.8486686384865287,0.023332383195199865,mM,1.0365221585061326,0.955844515782992,1.1240093627509302,0.3855817107416212
asc399,KBrO3,mM,ASC399,0.6483652989939568,0.1115667489922261,ASC399cse,0.9158791086278376,0.16530499092113501,mM,1.4125973583857303,0.8664641103356628,2.3029589721209875,0.16598747290957333
asc399,KBrO3_Erastin,mM,ASC399,0.6468772252972936,0.13552587673160824,ASC399cse,0.6115914086816701,0.14833560028593978,mM,0.9454520653445376,0.5044586401321765,1.7719581681266094,0.861067797307539
asc399,KBrO3_NAC,mM,ASC399,1.025711185495431,0.032038500742676355,ASC399cse,1.2116570711844963,0.0844447702560241,mM,1.1812848376019718,1.017055211397354,1.3720335453874724,0.029151522936908852
asc399,KBrO3_SFN,mM,ASC399,0.814299417109707,0.021492222186341,ASC399cse,0.9130554886106081,0.0383182333948758,mM,1.121277345195,1.017448659712169,1.2357015490130185,0.020948160041108343
