experiment,compound_name,patient_id,ic50.Base,ic50.CSE,FC,FC_l,FC_u,log10FC
Resazurin_Exp36,A1,ASC399,2.0714956376654152,2.191216602510046,1.0577944566562336,0.9703587698785945,1.1531086720354475,0.02440128678022686
Resazurin_Exp36,A2,ASC399,2.818887417449727,2.408094339137958,0.8542712008401466,0.7483951913630456,0.9751255660204411,-0.06840423431013701
Resazurin_Exp36,A3,ASC399,4.0642334677705865,4.1086836626710355,1.0109369196560531,0.9366002427277297,1.091173596696113,0.004724057371432249
Resazurin_Exp36,A4,ASC399,0.574604642935233,0.8347880007596032,1.4528041341526319,0.019155470551767074,110.18470397305238,0.16220706702304566
