Patient,Group,CompoundID,CompoundName,Unit,UnitStd,IC50,IC50_L,IC50_U,in_range,b,c,d,aicc,variant,converged,RMSE,R2,Spearman,n_doses,slope_ok,mono_ok,support_ok
ASC397,ASC397,A1,H2O2,mM,µM,586.5456559460772,221.02989841938256,-27.131723622783056,TRUE,10.70915236239307,NA,91.43347576164732,64.06109603910362,fix_c,FALSE,4.0596754860317885,0.9969040434951452,-0.9285714285714283,7,TRUE,TRUE,TRUE
ASC397,ASC397,B1,Rotenone,mM,µM,300.35264477596263,346.7222101558876,-662.3025384747122,TRUE,10.494114203239224,NA,69.7274796125348,73.18507877679816,fix_c,FALSE,9.110688916753475,0.9756273709023813,-0.32142857142857134,7,TRUE,FALSE,TRUE
ASC397,ASC397cse,A1,H2O2,mM,µM,522.2218607171986,69.91627254245653,328.10316804302033,TRUE,15.955826657061229,NA,95.61947926347244,42.561382131633565,fix_c,FALSE,1.1628988722365259,0.9997595127637824,-0.9285714285714283,7,TRUE,TRUE,TRUE
ASC397,ASC397cse,B1,Rotenone,mM,µM,291.98849709315465,273.3745877444951,-467.02103893551345,TRUE,10.982082785187623,NA,55.91150375441189,65.17500729838108,fix_c,FALSE,5.846427918126683,0.9887165029954735,-0.39285714285714274,7,TRUE,FALSE,TRUE
ASC399,ASC399,A1,H2O2,mM,µM,556.6317085852422,46.754314254656556,426.8209216260216,TRUE,6.567620059613623,NA,89.55695282256022,66.01656615468464,fix_c,FALSE,6.639109844454633,0.991565265347327,-0.9285714285714283,7,TRUE,TRUE,TRUE
ASC399,ASC399,B1,Rotenone,mM,µM,196.1837893369812,46.94724167057332,65.83734999818003,TRUE,3.8668090539455267,NA,55.459569132542725,63.631037576009206,fix_c,FALSE,3.9370338058408714,0.9947020488007117,-0.7499999999999998,7,TRUE,TRUE,TRUE
ASC399,ASC399cse,A1,H2O2,mM,µM,524.4586228033755,42.4943590973438,415.2233951907368,TRUE,12.486481573640193,NA,NA,34.431800626336496,fix_cd,FALSE,0.8042229917578194,0.9998916185291972,-0.704186850828046,7,TRUE,TRUE,TRUE
ASC399,ASC399cse,B1,Rotenone,mM,µM,240.72543126334432,48.548526750878146,105.93311180130456,TRUE,4.5518607998493135,NA,58.97510687858543,60.71515737448903,fix_c,FALSE,3.4764199857905296,0.9959085470033997,-0.5714285714285713,7,TRUE,TRUE,TRUE
