Patient,Group,CompoundID,CompoundName,Unit,UnitStd,IC50,IC50_L,IC50_U,in_range,b,c,d,aicc,variant,converged,RMSE,R2,Spearman,n_doses,slope_ok,mono_ok,support_ok
ASC397,ASC397,A1,H2O2,mM,µM,1238.0349816588953,273.18001995288256,479.565652422879,TRUE,10.124419860537822,NA,94.36179943748988,63.48009690219309,fix_c,FALSE,3.8946310734625067,0.9955265252975195,-0.8928571428571427,7,TRUE,TRUE,TRUE
ASC397,ASC397cse,A1,H2O2,mM,µM,1385.6469765064812,14.780983015974869,1347.6512500527674,TRUE,10.282753084686934,NA,NA,26.913727453923332,fix_cd,FALSE,0.3448900966546723,0.9999664248346833,-0.8153742483272112,7,TRUE,TRUE,TRUE
ASC399,ASC399,A1,H2O2,mM,µM,1278.957466718829,82.20093356156798,1050.7310870891245,TRUE,12.148835151543945,NA,99.05619625460828,39.500179620198836,fix_c,FALSE,0.719948860330983,0.9998561149178191,-0.6785714285714284,7,TRUE,TRUE,TRUE
ASC399,ASC399cse,A1,H2O2,mM,µM,1385.5552302538192,82.3760103375483,1173.8009543879284,TRUE,10.333466091114003,NA,NA,48.18800412355967,fix_cd,FALSE,1.5764702395016776,0.9992909968031074,-0.9549937104572924,7,TRUE,TRUE,TRUE
