sample_id,unit,IC50_Erastin,SE_Erastin,IC50_Erastin_CSE,SE_Erastin_CSE,ratio,ratio_lwr,ratio_upr,p_value
ASC390,mM,3.4148676831984075e-4,3.423800758011084e-5,6.55685308979719e-5,2.4571004093327483e-6,0.19200899414222589,0.1556721151598505,0.23682760264195246,1.2506129291060624e-53
ASC390cse,mM,4.826689839384466e-4,3.779587565066607e-5,6.899505290370243e-5,2.463317422733406e-6,0.1429448653209944,0.12075686741187777,0.1692097100527087,3.9895011286177794e-113
ASC397,mM,2.104256681633995e-4,2.0918782838202088e-5,5.425250406894264e-5,1.4393581673935973e-6,0.2578226532079471,0.21073584749775043,0.3154305320925285,1.2391771168837709e-39
ASC397cse,mM,2.0446970419962703e-4,2.6252904233904243e-5,5.8630561164641894e-5,2.5167283438291004e-6,0.28674449055494283,0.21991604025103548,0.3738808809478214,2.781599376080516e-20
P676,mM,3.289756370587542e-4,3.090155957557628e-5,8.439059973304668e-5,4.783131447764406e-6,0.25652537825460525,0.20689271019841718,0.31806470912174145,2.5686710164309783e-35
P676cse,mM,4.256362806198529e-4,4.5530219257371224e-5,1.255488468207928e-4,8.959624542186717e-6,0.29496744647321044,0.2292536958585965,0.3795175216393954,2.213435072632603e-21
P679,mM,9.495372329692317e-4,1.4699533099408227e-4,7.525118289276307e-5,3.500543403970856e-6,0.07925037616213351,0.05773058509923008,0.10879193604298704,1.9658344978103343e-55
P679cse,mM,7.287543769016135e-4,5.789161654807686e-5,5.259474125665017e-5,1.0687842260842362e-6,0.07217073807537602,0.06145593181801789,0.08475366462212601,1.6604635982811022e-225
