n,median_ratio,CI_low,CI_high
8,0.22426718619841557,0.07925037616213351,0.28674449055494283
