sample_A,sample_B,Compound,Unit,ED_A,SE_A,ED_B,SE_B,ratio,ratio_lwr,ratio_upr,p_value,summary
ASC397cse,ASC399cse,CSE,%,2.4638370029792602,0.10925176586367838,2.2722512150178167,0.14355496011175348,1.0843154078630084,0.9320816510486934,1.261412991454436,0.29429035059101144,"ratio=1.084  [0.932, 1.261]  p = 0.294"
ASC397cse,ASC399cse,CSE_NAC,%,4.585886719191859,0.30278515823018076,4.34700807314824,0.29351495901167035,1.0549524275142688,0.876689805930864,1.2694622622382972,0.5710772082984368,"ratio=1.055  [0.877, 1.269]  p = 0.571"
ASC397cse,ASC399cse,CSE_SFN,%,3.0318301779457038,0.20321848084685692,2.531953394154581,0.18279842275276184,1.197427324272701,0.987169584523838,1.452467964363479,0.06741179195774534,"ratio=1.197  [0.987, 1.452]  p = 0.0674"
