sample_A,sample_B,Compound,Unit,ED_A,SE_A,ED_B,SE_B,ratio,ratio_lwr,ratio_upr,p_value,summary
ASC397,ASC399,CSE,%,2.9424579717928094,0.1251291112761382,2.1290721991462265,0.0927617320815035,1.3820376655017883,1.2265794776375751,1.5571988148247826,1.0695816326449952e-7,"ratio=1.382  [1.227, 1.557]  p = 1.1e-07"
ASC397,ASC399,CSE_NAC,%,4.876672209255724,0.24839942308265667,4.057942254438706,0.2373795737584623,1.2017598830839609,1.03226763372557,1.3990817588434876,0.01781541604337901,"ratio=1.202  [1.032, 1.399]  p = 0.0178"
ASC397,ASC399,CSE_SFN,%,3.4112959938173804,0.2006748960218476,3.0076354211783993,0.17613444478990078,1.1342119359935008,0.9639120628195549,1.3345996646075244,0.12921561018620042,"ratio=1.134  [0.964, 1.335]  p = 0.129"
