experiment,compound_name,patient_id,ic50.Base,ic50.CSE,FC,FC_l,FC_u,log10FC
Resazurin_Exp34,A1,ASC397,0.5824328965050852,0.5719468429274908,0.9819961172514181,0.8938530343127117,1.0788310127943224,-0.00789022938170349
Resazurin_Exp34,A1,ASC399,0.5531527556817557,0.49469656445938404,0.8943217933528598,0.8506261919609531,0.9402619830246063,-0.048506185978594435
Resazurin_Exp34,B1,ASC397,0.06667312647028166,0.06294920064366064,0.9441465246379155,0.6452424346107978,1.3815158646897472,-0.024960601143008347
Resazurin_Exp34,B1,ASC399,0.03815723286746086,0.09629288746718342,2.523581513409443,1.9131205661726205,3.3288354991460953,0.40201733730516365
