compound_name,delta_log2,ci_l2,ci_u2
A1,-0.16113406197812438,-0.24563382582779836,-0.07018697465821985
B1,1.3354726874258322,0.9633911066119432,1.80955153551846
