compound_name,delta_log2,ci_l2,ci_u2
B1,-0.08291732220223706,-0.6103513058637998,0.5878333478976744
A1,-0.026210774658186508,-0.15907832982990805,0.14592602452085263
